Workbook

Sheet Summary
A1: ABOM — Agent Bill of Materials · bottom-up market model
A2: Agent-accountability / governance tooling for agentic AI · European regulated enterprises · all figures EUR
A4: TAM — EU regulated agent-accountability layer (top-down) | D4: SAM — bottom-up (serviceable, annual) | G4: SOM — Year-5 achievable ARR (base)
A5: ='Market Sizing'!B11 | D5: ='Market Sizing'!B14 | G5: ='Market Sizing'!B15
A8: Key outputs
A9: Year-5 ABOM platform ARR (verify + Notary) | D9: ='Revenue Build'!G12/1000
A10: Year-5 services revenue | D10: ='Revenue Build'!G13/1000
A11: Year-5 total revenue | D11: ='Revenue Build'!G14/1000
A12: Year-5 cumulative customers (logos) | D12: ='Revenue Build'!G16
A13: Year-5 logo penetration of serviceable market | D13: ='Revenue Build'!G17
A14: SOM as % of SAM (Year 5) | D14: ='Market Sizing'!B16
A17: Scenario sensitivity — Year-5 ABOM platform ARR (€M)
A18: Driver: logo-ramp multiplier applied to base-case customer counts (ABOM ACV held constant).
A19: Scenario | B19: Logo multiplier | C19: Year-5 ARR (€M)
A20: Conservative | B20: 0.6 | C20: ='Revenue Build'!$G$12/1000*B20
A21: Base | B21: 1 | C21: ='Revenue Build'!$G$12/1000*B21
A22: Aggressive | B22: 1.4 | C22: ='Revenue Build'!$G$12/1000*B22
A25: Note: The headline analyst TAM for agentic AI (~$24.5B–$139B by the early 2030s) measures the whole market — mostly US, mostly SaaS, mostly the model and agent-framework layers ABOM deliberately does not sell. This model sizes only what ABOM can actually sell: the agent-accountability / governance tooling layer (generate, verify, and notarize a signed bill of materials for every agent) for European regulated buyers. That layer rides the SBOM-mandate precedent — EO 14028 and the EU Cyber Resilience Act made software bills of materials mandatory, and EU AI Act Art. 12, DORA, and NIST AI RMF point the same way for agents. Blue = input you can change; black = formula; green = pulled from another sheet.

Sheet Assumptions
A1: Assumptions
A2: Blue cells are inputs — change them to flex the model. Currency in € thousands (€000).
A4: A. Serviceable market by segment
A5: Segment | B5: EU institution universe (#) | C5: Serviceable share (%) | D5: Serviceable logos (#) | E5: Mature ACV (€000) | F5: Segment SAM (€000)
A6: Tier-1 banks (G-SIB / ECB significant) | B6: 120 | C6: 0.7 | D6: =B6*C6 | E6: 1200 | F6: =D6*E6
A7: Tier-2 banks (mid-size / regional) | B7: 400 | C7: 0.4 | D7: =B7*C7 | E7: 400 | F7: =D7*E7
A8: Large insurers | B8: 150 | C8: 0.5 | D8: =B8*C8 | E8: 500 | F8: =D8*E8
A9: Asset mgmt / payments / market infra | B9: 250 | C9: 0.35 | D9: =B9*C9 | E9: 350 | F9: =D9*E9
A10: Subtotal — Financial services (beachhead) | D10: =SUM(D6:D9) | F10: =SUM(F6:F9)
A11: Defence & public sector | B11: 300 | C11: 0.4 | D11: =B11*C11 | E11: 650 | F11: =D11*E11
A12: Healthcare (large systems / pharma) | B12: 250 | C12: 0.3 | D12: =B12*C12 | E12: 450 | F12: =D12*E12
A13: Telecom | B13: 80 | C13: 0.5 | D13: =B13*C13 | E13: 550 | F13: =D13*E13
A14: Subtotal — Expansion verticals | D14: =SUM(D11:D13) | F14: =SUM(F11:F13)
A15: TOTAL serviceable market (SAM) | D15: =D10+D14 | F15: =F10+F14
A17: B. Global drivers
A18: ACV expansion / escalation (per year) | B18: 0.08
A19: Services attach (% of platform ARR) | B19: 0.2
A21: C. Adoption — cumulative active customers (logos) by year
A22: Segment | B22: Year 1 | C22: Year 2 | D22: Year 3 | E22: Year 4 | F22: Year 5
A23: Tier-1 banks | B23: 1 | C23: 2 | D23: 4 | E23: 8 | F23: 14
A24: Tier-2 banks | B24: 0 | C24: 1 | D24: 4 | E24: 10 | F24: 22
A25: Large insurers | B25: 0 | C25: 1 | D25: 3 | E25: 6 | F25: 12
A26: Asset mgmt / payments / market infra | B26: 0 | C26: 0 | D26: 1 | E26: 3 | F26: 7
A27: Defence & public sector | B27: 0 | C27: 0 | D27: 0 | E27: 1 | F27: 4
A28: Healthcare | B28: 0 | C28: 0 | D28: 0 | E28: 1 | F28: 3
A29: Telecom | B29: 0 | C29: 0 | D29: 0 | E29: 0 | F29: 2
A30: Total cumulative customers | B30: =SUM(B23:B29) | C30: =SUM(C23:C29) | D30: =SUM(D23:D29) | E30: =SUM(E23:E29) | F30: =SUM(F23:F29)

Sheet Market Sizing
A1: Market Sizing — ABOM TAM / SAM / SOM
A2: Top-down TAM funnel triangulated against bottom-up SAM. Figures in € millions (€M).
A4: Top-down TAM funnel (€M)
A5: Global agentic-AI market, 2030E (directional midpoint) | B5: 46000 | C5: ~$50B; analyst range $24.5B (GVR) – $139B (Fortune). Directional.
A6: × Agent-accountability / governance tooling-layer share | B6: 0.15 | C6: Accountability/governance tooling layer as share of total agentic spend (assumption).
A7: =Global agent-accountability TAM | B7: =B5*B6
A8: × Europe share | B8: 0.22 | C8: EU share of global enterprise AI spend (assumption).
A9: =European agent-accountability TAM | B9: =B7*B8
A10: × EU regulated / mandate-driven share | B10: 0.45 | C10: Share of EU accountability layer in regulated, mandate-exposed segments (assumption).
A11: =EU regulated agent-accountability TAM (top-down) | B11: =B9*B10
A13: Bottom-up cross-check (€M)
A14: SAM — bottom-up (serviceable, annual) | B14: =Assumptions!F15/1000 | C14: From Assumptions §A (serviceable logos × mature ACV).
A15: SOM — Year-5 achievable ARR (base case) | B15: ='Revenue Build'!G12/1000 | C15: From Revenue Build (Year-5 ABOM platform ARR).
A16: SOM as % of SAM | B16: =B15/B14
A17: SAM as % of EU regulated TAM (top-down) | B17: =B14/B11

Sheet Revenue Build
A1: Revenue Build — ABOM 5-Year Bottom-Up
A2: ABOM platform ARR (€000) = cumulative customers × mature ACV × (1+expansion)^(year-1); ACV = abom-verify + Notary subscription per logo. All drivers live on the Assumptions sheet.
A4: ABOM platform ARR by segment (€000) | B4: Year 1 | C4: Year 2 | D4: Year 3 | E4: Year 4 | F4: Year 5
A5: Tier-1 banks | B5: =Assumptions!B23*Assumptions!$E$6*(1+Assumptions!$B$18)^0 | C5: =Assumptions!C23*Assumptions!$E$6*(1+Assumptions!$B$18)^1 | D5: =Assumptions!D23*Assumptions!$E$6*(1+Assumptions!$B$18)^2 | E5: =Assumptions!E23*Assumptions!$E$6*(1+Assumptions!$B$18)^3 | F5: =Assumptions!F23*Assumptions!$E$6*(1+Assumptions!$B$18)^4
A6: Tier-2 banks | B6: =Assumptions!B24*Assumptions!$E$7*(1+Assumptions!$B$18)^0 | C6: =Assumptions!C24*Assumptions!$E$7*(1+Assumptions!$B$18)^1 | D6: =Assumptions!D24*Assumptions!$E$7*(1+Assumptions!$B$18)^2 | E6: =Assumptions!E24*Assumptions!$E$7*(1+Assumptions!$B$18)^3 | F6: =Assumptions!F24*Assumptions!$E$7*(1+Assumptions!$B$18)^4
A7: Large insurers | B7: =Assumptions!B25*Assumptions!$E$8*(1+Assumptions!$B$18)^0 | C7: =Assumptions!C25*Assumptions!$E$8*(1+Assumptions!$B$18)^1 | D7: =Assumptions!D25*Assumptions!$E$8*(1+Assumptions!$B$18)^2 | E7: =Assumptions!E25*Assumptions!$E$8*(1+Assumptions!$B$18)^3 | F7: =Assumptions!F25*Assumptions!$E$8*(1+Assumptions!$B$18)^4
A8: Asset mgmt / payments / market infra | B8: =Assumptions!B26*Assumptions!$E$9*(1+Assumptions!$B$18)^0 | C8: =Assumptions!C26*Assumptions!$E$9*(1+Assumptions!$B$18)^1 | D8: =Assumptions!D26*Assumptions!$E$9*(1+Assumptions!$B$18)^2 | E8: =Assumptions!E26*Assumptions!$E$9*(1+Assumptions!$B$18)^3 | F8: =Assumptions!F26*Assumptions!$E$9*(1+Assumptions!$B$18)^4
A9: Defence & public sector | B9: =Assumptions!B27*Assumptions!$E$11*(1+Assumptions!$B$18)^0 | C9: =Assumptions!C27*Assumptions!$E$11*(1+Assumptions!$B$18)^1 | D9: =Assumptions!D27*Assumptions!$E$11*(1+Assumptions!$B$18)^2 | E9: =Assumptions!E27*Assumptions!$E$11*(1+Assumptions!$B$18)^3 | F9: =Assumptions!F27*Assumptions!$E$11*(1+Assumptions!$B$18)^4
A10: Healthcare | B10: =Assumptions!B28*Assumptions!$E$12*(1+Assumptions!$B$18)^0 | C10: =Assumptions!C28*Assumptions!$E$12*(1+Assumptions!$B$18)^1 | D10: =Assumptions!D28*Assumptions!$E$12*(1+Assumptions!$B$18)^2 | E10: =Assumptions!E28*Assumptions!$E$12*(1+Assumptions!$B$18)^3 | F10: =Assumptions!F28*Assumptions!$E$12*(1+Assumptions!$B$18)^4
A11: Telecom | B11: =Assumptions!B29*Assumptions!$E$13*(1+Assumptions!$B$18)^0 | C11: =Assumptions!C29*Assumptions!$E$13*(1+Assumptions!$B$18)^1 | D11: =Assumptions!D29*Assumptions!$E$13*(1+Assumptions!$B$18)^2 | E11: =Assumptions!E29*Assumptions!$E$13*(1+Assumptions!$B$18)^3 | F11: =Assumptions!F29*Assumptions!$E$13*(1+Assumptions!$B$18)^4
A12: Total ABOM platform ARR | B12: =SUM(B5:B11) | C12: =SUM(C5:C11) | D12: =SUM(D5:D11) | E12: =SUM(E5:E11) | F12: =SUM(F5:F11)
A13: Services revenue | B13: =B12*Assumptions!$B$19 | C13: =C12*Assumptions!$B$19 | D13: =D12*Assumptions!$B$19 | E13: =E12*Assumptions!$B$19 | F13: =F12*Assumptions!$B$19
A14: Total revenue | B14: =B12+B13 | C14: =C12+C13 | D14: =D12+D13 | E14: =E12+E13 | F14: =F12+F13
A16: Cumulative customers (logos) | B16: =Assumptions!B30 | C16: =Assumptions!C30 | D16: =Assumptions!D30 | E16: =Assumptions!E30 | F16: =Assumptions!F30
A17: Logo penetration of serviceable market | B17: =B16/Assumptions!$D$15 | C17: =C16/Assumptions!$D$15 | D17: =D16/Assumptions!$D$15 | E17: =E16/Assumptions!$D$15 | F17: =F16/Assumptions!$D$15
A19: Memo: Total ABOM platform ARR (€M) | B19: =B12/1000 | C19: =C12/1000 | D19: =D12/1000 | E19: =E12/1000 | F19: =F12/1000
